,Murder,Attempt to commit Murder,Culpable Homicide not amounting to Murder,Attempt to commit Culpable Homicide,Rape,Custodial Rape,Custodial_Gang Rape,Custodial_Other Rape,Rape other than Custodial,Rape_Gang Rape,Rape_Others,Attempt to commit Rape,Kidnapping & Abduction_Total,Kidnapping & Abduction,Kidnapping & Abduction in order to Murder,Kidnapping for Ransom,Kidnapping & Abduction of Women to compel her for marriage,Other Kidnapping,Dacoity,Dacoity with Murder,Other Dacoity,Making Preparation and Assembly for committing Dacoity,Robbery,Criminal Trespass/Burglary,Criminal Trespass or Burglary,House Trespass & House Breaking,Theft,Auto Theft,Other Thefts,Unlawful Assembly,Riots,Riots_Communal,Riots_Industrial,Riots_Political,Riots_Caste Conflict,Riots_SC/STs Vs Non-SCs/STs,Riots_Other Caste Conflict,Riots_Agrarian,Riots_Students,Riots_Sectarian,Riots_Others,Criminal Breach of Trust,Cheating,Forgery,Counterfeiting,Counterfeit Offences related to Counterfeit Coin,Counterfeiting Government Stamp,Counterfeit currency & Bank notes,Counterfeiting currency notes/Bank notes,Using forged or counterfeiting currency/Bank notes,Possession of forged or counterfeiting currency/Bank notes,Making or Possessing materials for forged currency/Bank notes,Making or Using documents resembling currency,Arson,Grievous Hurt,Hurt,Acid attack,Attempt to Acid Attack,Dowry Deaths,Assault on Women with intent to outrage her Modesty,Sexual Harassment,Assault or use of criminal force to women with intent to Disrobe,Voyeurism,Stalking,Other Assault on Women,Insult to the Modesty of Women,At Office premises,Other places related to work,In Public Transport system,"Places other than 231, 232 & 233",Cruelty by Husband or his Relatives,Importation of Girls from Foreign Country,Causing Death by Negligence,Deaths due to negligent driving/act,Deaths due to Other Causes,Offences against State,Sedition,Other offences against State,Offences promoting enmity between different groups,Promoting enmity between different groups,"Imputation, assertions prejudicial to national integration",Extortion,Disclosure of Identity of Victims,Incidence of Rash Driving,HumanTrafficking,Unnatural Offence,Other IPC crimes,Total Cognizable IPC crimes
Year,,,,,,,,,,,,,,,,,,,,,,,,,,,,,,,,,,,,,,,,,,,,,,,,,,,,,,,,,,,,,,,,,,,,,,,,,,,,,,,,,,,,,,,,
Murder,1,,,,,,,,,,,,,,,,,,,,,,,,,,,,,,,,,,,,,,,,,,,,,,,,,,,,,,,,,,,,,,,,,,,,,,,,,,,,,,,,,,,,,,,
Attempt to commit Murder,0.884060442,1,,,,,,,,,,,,,,,,,,,,,,,,,,,,,,,,,,,,,,,,,,,,,,,,,,,,,,,,,,,,,,,,,,,,,,,,,,,,,,,,,,,,,,
Culpable Homicide not amounting to Murder,0.790658252,0.687222089,1,,,,,,,,,,,,,,,,,,,,,,,,,,,,,,,,,,,,,,,,,,,,,,,,,,,,,,,,,,,,,,,,,,,,,,,,,,,,,,,,,,,,,
Attempt to commit Culpable Homicide,0.376151344,0.429029505,0.379721224,1,,,,,,,,,,,,,,,,,,,,,,,,,,,,,,,,,,,,,,,,,,,,,,,,,,,,,,,,,,,,,,,,,,,,,,,,,,,,,,,,,,,,
Rape,0.83277206,0.777616693,0.578271857,0.441808424,1,,,,,,,,,,,,,,,,,,,,,,,,,,,,,,,,,,,,,,,,,,,,,,,,,,,,,,,,,,,,,,,,,,,,,,,,,,,,,,,,,,,
Custodial Rape,0.563462832,0.410183923,0.908445111,0.231547094,0.333015961,1,,,,,,,,,,,,,,,,,,,,,,,,,,,,,,,,,,,,,,,,,,,,,,,,,,,,,,,,,,,,,,,,,,,,,,,,,,,,,,,,,,
Custodial_Gang Rape,0.502244575,0.367081315,0.741199934,0.210270899,0.376676408,0.781586048,1,,,,,,,,,,,,,,,,,,,,,,,,,,,,,,,,,,,,,,,,,,,,,,,,,,,,,,,,,,,,,,,,,,,,,,,,,,,,,,,,,
Custodial_Other Rape,0.561237943,0.408514649,0.907183883,0.230501134,0.32899188,0.999775968,0.768207442,1,,,,,,,,,,,,,,,,,,,,,,,,,,,,,,,,,,,,,,,,,,,,,,,,,,,,,,,,,,,,,,,,,,,,,,,,,,,,,,,,
Rape other than Custodial,0.826947485,0.774479264,0.563963205,0.440055678,0.999824887,0.315312304,0.363588369,0.311266778,1,,,,,,,,,,,,,,,,,,,,,,,,,,,,,,,,,,,,,,,,,,,,,,,,,,,,,,,,,,,,,,,,,,,,,,,,,,,,,,,
Rape_Gang Rape,0.75472474,0.645354329,0.768136713,0.359553647,0.815113112,0.647598126,0.65530376,0.642392168,0.807505146,1,,,,,,,,,,,,,,,,,,,,,,,,,,,,,,,,,,,,,,,,,,,,,,,,,,,,,,,,,,,,,,,,,,,,,,,,,,,,,,
Rape_Others,0.817501334,0.771411858,0.53369946,0.438983353,0.99755845,0.277887904,0.329029722,0.27403088,0.998461716,0.773557867,1,,,,,,,,,,,,,,,,,,,,,,,,,,,,,,,,,,,,,,,,,,,,,,,,,,,,,,,,,,,,,,,,,,,,,,,,,,,,,
Attempt to commit Rape,0.542433551,0.804773448,0.429587925,0.370464167,0.54635328,0.157498839,0.17772377,0.155610055,0.54674276,0.44155312,0.545896494,1,,,,,,,,,,,,,,,,,,,,,,,,,,,,,,,,,,,,,,,,,,,,,,,,,,,,,,,,,,,,,,,,,,,,,,,,,,,,
Kidnapping & Abduction_Total,0.902325048,0.832709777,0.763025474,0.495322117,0.892979665,0.549174074,0.51354431,0.546190028,0.887826045,0.847024337,0.874231202,0.588316793,1,,,,,,,,,,,,,,,,,,,,,,,,,,,,,,,,,,,,,,,,,,,,,,,,,,,,,,,,,,,,,,,,,,,,,,,,,,,
Kidnapping & Abduction,0.56993907,0.554125995,0.457793266,0.550429211,0.736344643,0.290845212,0.274455273,0.289180706,0.7353101,0.627640412,0.730994934,0.368181036,0.787227435,1,,,,,,,,,,,,,,,,,,,,,,,,,,,,,,,,,,,,,,,,,,,,,,,,,,,,,,,,,,,,,,,,,,,,,,,,,,
Kidnapping & Abduction in order to Murder,0.687048918,0.576003515,0.690026342,0.324871578,0.365461975,0.588079086,0.517668453,0.58597816,0.356142177,0.491921139,0.336387371,0.355080287,0.6224634,0.26282903,1,,,,,,,,,,,,,,,,,,,,,,,,,,,,,,,,,,,,,,,,,,,,,,,,,,,,,,,,,,,,,,,,,,,,,,,,,
Kidnapping for Ransom,0.81105944,0.842719382,0.648451627,0.437391998,0.729793776,0.399237926,0.346763616,0.397970222,0.726565892,0.605875579,0.723646303,0.733836278,0.836295071,0.593034015,0.533410103,1,,,,,,,,,,,,,,,,,,,,,,,,,,,,,,,,,,,,,,,,,,,,,,,,,,,,,,,,,,,,,,,,,,,,,,,,
Kidnapping & Abduction of Women to compel her for marriage,0.884078582,0.735097446,0.810906742,0.323571032,0.695153752,0.670657907,0.595887853,0.668074403,0.686316314,0.734843996,0.668280829,0.453866212,0.864815781,0.415338109,0.771843468,0.742764944,1,,,,,,,,,,,,,,,,,,,,,,,,,,,,,,,,,,,,,,,,,,,,,,,,,,,,,,,,,,,,,,,,,,,,,,,
Other Kidnapping,0.757213877,0.812677212,0.542934605,0.34038319,0.861330996,0.275939951,0.319855044,0.272343012,0.861396432,0.76946995,0.853126072,0.741458861,0.826131241,0.567528229,0.344209747,0.748982339,0.633409768,1,,,,,,,,,,,,,,,,,,,,,,,,,,,,,,,,,,,,,,,,,,,,,,,,,,,,,,,,,,,,,,,,,,,,,,
Dacoity,0.76968856,0.643616305,0.412958221,0.236784284,0.647877538,0.20071535,0.170866121,0.20019569,0.648062539,0.409486157,0.657765167,0.298987052,0.62023927,0.41640429,0.44991777,0.631003041,0.601237855,0.493076531,1,,,,,,,,,,,,,,,,,,,,,,,,,,,,,,,,,,,,,,,,,,,,,,,,,,,,,,,,,,,,,,,,,,,,,
Dacoity with Murder,0.820835523,0.677390261,0.816277725,0.328880055,0.598019885,0.680128206,0.562604431,0.678923088,0.588369535,0.664636482,0.56964955,0.385842319,0.722753948,0.434636291,0.734253058,0.634920481,0.768107729,0.498829798,0.656394188,1,,,,,,,,,,,,,,,,,,,,,,,,,,,,,,,,,,,,,,,,,,,,,,,,,,,,,,,,,,,,,,,,,,,,
Other Dacoity,0.761768021,0.637215062,0.399434625,0.232463583,0.643502871,0.187150424,0.159722612,0.186652171,0.643928939,0.39964837,0.654248899,0.294257532,0.612344226,0.41235213,0.439010129,0.625447565,0.59191936,0.488668965,0.99982675,0.642237936,1,,,,,,,,,,,,,,,,,,,,,,,,,,,,,,,,,,,,,,,,,,,,,,,,,,,,,,,,,,,,,,,,,,,
Making Preparation and Assembly for committing Dacoity,0.485731209,0.738892543,0.32856599,0.297036072,0.562344183,0.049912557,0.058638732,0.049235376,0.564971737,0.360370881,0.573112013,0.808382972,0.491332285,0.402596574,0.12353351,0.669076649,0.270008537,0.696281758,0.390852941,0.295303114,0.389829161,1,,,,,,,,,,,,,,,,,,,,,,,,,,,,,,,,,,,,,,,,,,,,,,,,,,,,,,,,,,,,,,,,,,
Robbery,0.647112857,0.523831057,0.434654701,0.412773986,0.683989855,0.273481687,0.248799597,0.272231118,0.682963061,0.515503528,0.685295695,0.169820796,0.662039948,0.752531903,0.285175193,0.534879502,0.443324048,0.432236205,0.772643896,0.582154563,0.770659672,0.330783795,1,,,,,,,,,,,,,,,,,,,,,,,,,,,,,,,,,,,,,,,,,,,,,,,,,,,,,,,,,,,,,,,,,
Criminal Trespass/Burglary,0.753097122,0.584637293,0.417440655,0.373193673,0.842614651,0.211625895,0.229880841,0.209390688,0.843836061,0.616644506,0.848625048,0.201447411,0.749079452,0.719314114,0.29040398,0.557427717,0.549754729,0.622675177,0.766070154,0.550152634,0.764770188,0.32889661,0.883360352,1,,,,,,,,,,,,,,,,,,,,,,,,,,,,,,,,,,,,,,,,,,,,,,,,,,,,,,,,,,,,,,,,
Criminal Trespass or Burglary,0.754693584,0.586441829,0.415991599,0.357371516,0.845002922,0.209226278,0.222484438,0.207178941,0.846287321,0.616260412,0.851294701,0.211537211,0.747981145,0.688497203,0.317421758,0.557080912,0.5671766,0.631717797,0.77564441,0.567202464,0.774077172,0.330556093,0.867011917,0.989381066,1,,,,,,,,,,,,,,,,,,,,,,,,,,,,,,,,,,,,,,,,,,,,,,,,,,,,,,,,,,,,,,,
House Trespass & House Breaking,0.65747694,0.508789583,0.371114999,0.37333285,0.733906314,0.192903464,0.223244904,0.190401093,0.734799862,0.543187669,0.73838511,0.148228866,0.66165358,0.720498923,0.178006595,0.491023832,0.43345016,0.521523502,0.646060495,0.434864199,0.645682249,0.284384226,0.823323142,0.909470854,0.839383579,1,,,,,,,,,,,,,,,,,,,,,,,,,,,,,,,,,,,,,,,,,,,,,,,,,,,,,,,,,,,,,,
Theft,0.741648069,0.640745442,0.549837491,0.530677091,0.798473723,0.354192008,0.354624549,0.35147303,0.79658172,0.694401838,0.790547621,0.362907084,0.843185688,0.898225259,0.399160599,0.678091754,0.572615508,0.629184326,0.658752259,0.602967407,0.654429755,0.401622514,0.89940865,0.885219441,0.861204383,0.846888302,1,,,,,,,,,,,,,,,,,,,,,,,,,,,,,,,,,,,,,,,,,,,,,,,,,,,,,,,,,,,,,
Auto Theft,0.810843119,0.653057744,0.681873826,0.461616394,0.827136697,0.518885615,0.515596518,0.51503546,0.822160556,0.837853754,0.804544494,0.328761229,0.88498921,0.810108521,0.502541918,0.673487667,0.693088706,0.691713358,0.645101465,0.689632938,0.638421955,0.354690566,0.827302879,0.8713593,0.854162178,0.815200801,0.944686077,1,,,,,,,,,,,,,,,,,,,,,,,,,,,,,,,,,,,,,,,,,,,,,,,,,,,,,,,,,,,,
Other Thefts,0.64666956,0.591353155,0.423866099,0.544308662,0.727757177,0.218242929,0.221208788,0.21647598,0.728108268,0.55134282,0.730429329,0.363227272,0.760571401,0.901496989,0.302530035,0.637954963,0.453146294,0.545975123,0.626075785,0.504823636,0.623651238,0.408268613,0.891587305,0.838224152,0.811051195,0.814608356,0.974199748,0.846292866,1,,,,,,,,,,,,,,,,,,,,,,,,,,,,,,,,,,,,,,,,,,,,,,,,,,,,,,,,,,,
Unlawful Assembly,0.356088817,0.348325031,0.137100944,0.205787358,0.532278165,0.015501221,0.276790126,0.006516963,0.535395211,0.51281676,0.527006468,0.359578677,0.394896201,0.227111277,0.170111445,0.312734777,0.342376404,0.476104609,0.277046304,0.192157787,0.276744021,0.293433062,0.270397783,0.369407496,0.359191008,0.353969079,0.358219324,0.407155325,0.30166842,1,,,,,,,,,,,,,,,,,,,,,,,,,,,,,,,,,,,,,,,,,,,,,,,,,,,,,,,,,,
Riots,0.812481771,0.773181529,0.539816113,0.498891734,0.599633091,0.290926436,0.236832307,0.290540666,0.597717331,0.411591009,0.603478172,0.494512206,0.665374216,0.365933859,0.686318265,0.698833756,0.690371284,0.542149534,0.796667507,0.701628277,0.792120417,0.49447768,0.576630031,0.608948868,0.630355534,0.474088666,0.572468772,0.57923262,0.531254852,0.258865553,1,,,,,,,,,,,,,,,,,,,,,,,,,,,,,,,,,,,,,,,,,,,,,,,,,,,,,,,,,
Riots_Communal,0.436133709,0.370435406,0.211518474,0.093781844,0.333665115,0.076933924,0.071237385,0.076539815,0.33428507,0.289067883,0.331972579,0.304413758,0.318596933,0.165774481,0.156447615,0.370375931,0.271762981,0.414257569,0.400894226,0.339073669,0.398951378,0.271235378,0.259549701,0.332741097,0.325692179,0.312674813,0.300575414,0.331591071,0.26003721,0.129591144,0.36686959,1,,,,,,,,,,,,,,,,,,,,,,,,,,,,,,,,,,,,,,,,,,,,,,,,,,,,,,,,
Riots_Industrial,0.283194722,0.51914618,0.194057709,0.176516914,0.365193032,-0.001902892,-0.002035058,-0.001883879,0.367580456,0.212972837,0.374896739,0.677984895,0.325734443,0.273582322,0.038443463,0.421184053,0.155253652,0.503792515,0.217738268,0.148731255,0.217557217,0.704687909,0.099982877,0.092321739,0.096569743,0.069007878,0.180051971,0.121331496,0.208960174,0.14850891,0.296335411,0.247741407,1,,,,,,,,,,,,,,,,,,,,,,,,,,,,,,,,,,,,,,,,,,,,,,,,,,,,,,,
Riots_Political,0.229011553,0.351245391,0.166302316,0.685303169,0.331668817,0.004586511,-0.000717388,0.004731461,0.333711755,0.118023135,0.34743443,0.362254978,0.186791511,0.159297896,0.023094929,0.257964372,0.089175308,0.283875504,0.222797883,0.146039274,0.222764316,0.420844803,0.188442292,0.225625482,0.222859783,0.206257626,0.184688947,0.135964474,0.206422549,0.172922993,0.435437023,0.139385715,0.397350341,1,,,,,,,,,,,,,,,,,,,,,,,,,,,,,,,,,,,,,,,,,,,,,,,,,,,,,,
Riots_Caste Conflict,0.524695261,0.418412686,0.23783994,0.045668058,0.523978556,0.104012846,0.07970861,0.104043371,0.525285574,0.312416464,0.534982179,0.060494207,0.390890689,0.366673712,0.095380099,0.305990371,0.289913663,0.342057802,0.653739084,0.408742051,0.654128374,0.264582493,0.633325937,0.661760902,0.648054746,0.620957829,0.483792564,0.474618259,0.459209168,0.154663222,0.427551255,0.297621994,0.112844038,0.123268219,1,,,,,,,,,,,,,,,,,,,,,,,,,,,,,,,,,,,,,,,,,,,,,,,,,,,,,
Riots_SC/STs Vs Non-SCs/STs,0.576586583,0.429332606,0.460334202,0.086888307,0.514590161,0.345872218,0.273296402,0.34569404,0.511036763,0.409192431,0.51057704,0.087281915,0.436261458,0.361610866,0.242628795,0.353081139,0.393970284,0.303527679,0.703430995,0.605955938,0.699750596,0.228708632,0.735181885,0.672272756,0.665834516,0.609408424,0.560431046,0.575739659,0.51410605,0.171151202,0.473098028,0.237244291,0.053440721,0.134093065,0.742511388,1,,,,,,,,,,,,,,,,,,,,,,,,,,,,,,,,,,,,,,,,,,,,,,,,,,,,
Riots_Other Caste Conflict,0.44387339,0.364707265,0.131014823,0.025685964,0.464859036,0.006301839,0.001921645,0.00640235,0.467724879,0.241053882,0.47984888,0.043836803,0.328311639,0.324770984,0.032072418,0.252920339,0.218663946,0.314893902,0.558317673,0.290472045,0.560096198,0.245712655,0.521935404,0.579204809,0.564567903,0.551045672,0.399114418,0.382396656,0.385129642,0.130419022,0.360542061,0.283459487,0.12035386,0.104762413,0.971682674,0.563210767,1,,,,,,,,,,,,,,,,,,,,,,,,,,,,,,,,,,,,,,,,,,,,,,,,,,,
Riots_Agrarian,0.61801298,0.526053497,0.413563556,0.302382663,0.367492382,0.272097358,0.248553805,0.270818726,0.364456712,0.319207281,0.361554912,0.265323165,0.51373164,0.243649859,0.711099291,0.482986819,0.60859801,0.311150628,0.594150527,0.562022013,0.589803223,0.182307497,0.365738425,0.392825473,0.408205262,0.301335975,0.397176178,0.441360045,0.341407424,0.212588288,0.735705099,0.172536385,0.047875434,0.044645415,0.233006804,0.282981624,0.187615293,1,,,,,,,,,,,,,,,,,,,,,,,,,,,,,,,,,,,,,,,,,,,,,,,,,,
Riots_Students,0.119960036,0.13202453,0.117100395,0.711667907,0.191155468,0.045329304,0.036068888,0.045297429,0.191485747,0.057895386,0.200283611,0.053599531,0.07625939,0.055770737,0.044835562,0.076515895,0.065447536,0.070993487,0.125528915,0.083419436,0.125481927,0.10571662,0.119230053,0.168798473,0.163727244,0.162896413,0.096243921,0.089354116,0.094838523,0.118128478,0.337798657,0.033029924,0.04534458,0.860099152,0.047547756,0.041051908,0.044173971,0.052948423,1,,,,,,,,,,,,,,,,,,,,,,,,,,,,,,,,,,,,,,,,,,,,,,,,,
Riots_Sectarian,0.222527104,0.238568145,0.112590152,0.013846506,0.088719113,0.089416726,0.070125586,0.089388594,0.087515343,0.071632166,0.087290192,0.013937347,0.132553571,0.061488043,0.053088207,0.072728358,0.165084763,0.090110909,0.136663372,0.061731053,0.137329896,0.055925729,0.152160701,0.163512415,0.131773772,0.234533243,0.105623177,0.109126601,0.096466981,0.038954519,0.132413397,0.147690426,0.039376691,0.032942465,0.287564295,0.153776717,0.300496127,0.043632832,0.033878416,1,,,,,,,,,,,,,,,,,,,,,,,,,,,,,,,,,,,,,,,,,,,,,,,,
Riots_Others,0.807730097,0.764936172,0.541509576,0.478919438,0.58279169,0.298047426,0.242317802,0.297662781,0.580626247,0.404998889,0.585735748,0.486134187,0.663363085,0.357231919,0.707426251,0.696442511,0.699176595,0.528517041,0.789109443,0.703288019,0.784400308,0.478244773,0.566728038,0.595250619,0.618584535,0.456533587,0.565241879,0.573975029,0.52313437,0.251720242,0.998027079,0.337902536,0.27512222,0.393316536,0.401170212,0.459022474,0.332963415,0.748951062,0.303474764,0.122386834,1,,,,,,,,,,,,,,,,,,,,,,,,,,,,,,,,,,,,,,,,,,,,,,,
Criminal Breach of Trust,0.892763348,0.792520362,0.841120727,0.398995141,0.759228288,0.654002998,0.552247946,0.652462295,0.751133644,0.731786498,0.738205716,0.560269602,0.864503534,0.552353093,0.597314543,0.83179116,0.858639335,0.700761548,0.689604371,0.793534267,0.68107433,0.46487306,0.637411969,0.667061537,0.668388784,0.582613618,0.730178719,0.787403954,0.644169373,0.300478857,0.687735542,0.364222976,0.283735537,0.254413033,0.39596135,0.580505698,0.283683439,0.46467942,0.123336523,0.105716883,0.682990613,1,,,,,,,,,,,,,,,,,,,,,,,,,,,,,,,,,,,,,,,,,,,,,,
Cheating,0.735774147,0.667574384,0.524883396,0.436444257,0.773463167,0.322361401,0.460400524,0.315216266,0.772041965,0.712493652,0.762482372,0.470497816,0.703197168,0.517775425,0.404276789,0.592594453,0.59560933,0.669394893,0.551110289,0.532627985,0.546798634,0.461268365,0.597195156,0.70174941,0.681355334,0.675242723,0.714225578,0.752289914,0.642420086,0.768273412,0.574506948,0.280678229,0.215317151,0.326815127,0.358619879,0.43019126,0.290643359,0.399529892,0.256717015,0.142187046,0.563213506,0.672056425,1,,,,,,,,,,,,,,,,,,,,,,,,,,,,,,,,,,,,,,,,,,,,,
Forgery,0.474854257,0.410932615,0.244713356,0.220115673,0.591710825,0.114712525,0.359426717,0.10553318,0.593241286,0.619586375,0.579118192,0.345534778,0.495365634,0.328608868,0.299819793,0.36263322,0.418497566,0.532934469,0.379493228,0.336964409,0.377259535,0.26376284,0.407427013,0.496584096,0.489599666,0.45652386,0.495930672,0.560492088,0.419832916,0.852819441,0.354933352,0.23410372,0.101913755,0.10229023,0.215029965,0.264505115,0.171956634,0.343201982,0.055947653,0.027189081,0.350926126,0.400113519,0.8032675,1,,,,,,,,,,,,,,,,,,,,,,,,,,,,,,,,,,,,,,,,,,,,
Counterfeiting,0.684126087,0.790441455,0.428196199,0.397075258,0.564261299,0.149856907,0.139917463,0.149049989,0.564917663,0.358111727,0.573266273,0.691551238,0.614717025,0.422011461,0.562123396,0.685937279,0.52342501,0.590846669,0.59205601,0.503155523,0.589127558,0.607915827,0.483227285,0.510835616,0.508147183,0.456763332,0.557894364,0.498798568,0.562930689,0.297201369,0.721883612,0.288499463,0.408602879,0.35704376,0.343828967,0.39061733,0.286357191,0.487177915,0.148604528,0.178838405,0.716461642,0.625701064,0.562067075,0.354909766,1,,,,,,,,,,,,,,,,,,,,,,,,,,,,,,,,,,,,,,,,,,,
Counterfeit Offences related to Counterfeit Coin,0.287543049,0.256892575,0.111635262,0.155730962,0.076797086,-0.00115628,0.000621069,-0.00120776,0.077314147,0.015130004,0.081641451,0.192930297,0.225906213,0.035929118,0.680149266,0.228326531,0.324568062,0.085776952,0.296731084,0.259031946,0.295094206,0.023034688,0.086525399,0.111840733,0.141647825,0.013053582,0.132851404,0.126504612,0.128734485,0.047715404,0.484707534,0.067425566,-0.003836242,-0.002318794,0.00205937,-0.002026107,0.003255187,0.534947575,0.01569943,0.000724215,0.503827694,0.150967729,0.119625792,0.134863402,0.61534358,1,,,,,,,,,,,,,,,,,,,,,,,,,,,,,,,,,,,,,,,,,,
Counterfeiting Government Stamp,0.164972175,0.130310759,0.042099173,0.01703272,0.155060053,-0.004871081,-0.00518252,-0.004823322,0.156154385,0.015440045,0.166315523,0.059155199,0.143696256,0.040234782,-0.003066815,0.293452422,0.181918089,0.137999264,0.199824632,0.018756072,0.202563441,0.152508094,0.121024003,0.170348368,0.179697707,0.123007998,0.117306549,0.103003427,0.119657298,0.10884495,0.213756305,0.022531615,0.011171973,0.017185044,0.057739055,-0.009430031,0.074554006,0.109717856,0.01017597,-0.004813812,0.221646325,0.188000666,0.142125417,0.035397822,0.074401665,-0.003625721,1,,,,,,,,,,,,,,,,,,,,,,,,,,,,,,,,,,,,,,,,,
Counterfeit currency & Bank notes,0.648296413,0.806682479,0.45807976,0.385079079,0.656856502,0.19104483,0.177079803,0.190060031,0.657291198,0.442800786,0.664548621,0.730217215,0.607280562,0.507936233,0.194905902,0.695246966,0.416110891,0.683808967,0.524341647,0.44094475,0.521863203,0.753230211,0.546749115,0.562303252,0.536140762,0.569157239,0.606198147,0.536104789,0.615717315,0.340333743,0.545760964,0.314591707,0.521336724,0.45473726,0.434482291,0.497212853,0.36058554,0.210053179,0.17655378,0.226384548,0.524280163,0.678164932,0.621479908,0.347412801,0.799606008,0.018672187,0.093450578,1,,,,,,,,,,,,,,,,,,,,,,,,,,,,,,,,,,,,,,,,
Counterfeiting currency notes/Bank notes,0.733889562,0.764708204,0.534941224,0.368128138,0.707186487,0.291564283,0.270610871,0.290049131,0.705950069,0.496479533,0.711780348,0.58547992,0.650772894,0.452901175,0.277065499,0.698802277,0.560896215,0.654854144,0.673363124,0.554336252,0.670474589,0.645117765,0.651781481,0.667400243,0.649999857,0.636482917,0.636768252,0.610294243,0.614319681,0.417239264,0.648210537,0.32596381,0.41010894,0.444717289,0.531312168,0.640195802,0.429597364,0.2985854,0.231128627,0.231086296,0.629001358,0.788264206,0.696215267,0.421204719,0.716716807,0.039047905,0.182234551,0.878967564,1,,,,,,,,,,,,,,,,,,,,,,,,,,,,,,,,,,,,,,,
Using forged or counterfeiting currency/Bank notes,0.499130156,0.727098316,0.347788051,0.242102874,0.496816817,0.111228002,0.102517055,0.110674337,0.497805882,0.324785835,0.50429626,0.735564414,0.444445492,0.351891451,0.124365575,0.576580964,0.271225213,0.597555744,0.348238102,0.316844048,0.34600007,0.715211715,0.325952575,0.356338406,0.33742815,0.367349168,0.40627246,0.347026473,0.421095162,0.247729694,0.401262723,0.264963496,0.521624791,0.373418346,0.305399788,0.342135135,0.256053088,0.126847572,0.078060675,0.185530476,0.382814498,0.505894626,0.465344046,0.240669212,0.732148674,0.004190299,0.02940353,0.925681929,0.682392557,1,,,,,,,,,,,,,,,,,,,,,,,,,,,,,,,,,,,,,,
Possession of forged or counterfeiting currency/Bank notes,0.355935523,0.443605478,0.236472645,0.427860123,0.428435183,0.068387409,0.064953703,0.067981773,0.429834507,0.296053837,0.433970914,0.399826101,0.471195272,0.647608791,0.075532957,0.44459985,0.181302712,0.397225791,0.288444849,0.212271811,0.287828921,0.436299835,0.528030569,0.454900878,0.412814522,0.520291578,0.626144618,0.484846081,0.683387806,0.163494733,0.269179863,0.175594303,0.301577646,0.230963393,0.245668234,0.253467573,0.213645901,0.09097522,0.085337155,0.160322272,0.256439926,0.385213334,0.392553886,0.224502516,0.501669088,0.004453766,0.01891492,0.633076768,0.458454063,0.458351528,1,,,,,,,,,,,,,,,,,,,,,,,,,,,,,,,,,,,,,
Making or Possessing materials for forged currency/Bank notes,0.299157045,0.404449659,0.156703338,0.112038552,0.482293784,-0.005149459,-0.007743023,-0.005022139,0.485499069,0.297666383,0.493623411,0.395570551,0.370915273,0.324144879,0.026807477,0.329943489,0.206723755,0.503592314,0.144307253,0.09453267,0.144286934,0.425155489,0.116716561,0.281695194,0.282944441,0.244063216,0.228423328,0.225712706,0.21570077,0.066296081,0.163510337,0.107310229,0.376299147,0.186614961,0.18955929,0.085223504,0.203778911,0.043618975,0.023870628,0.019810631,0.151251213,0.219108966,0.161751065,0.065018626,0.270212426,-0.004196768,-0.00716578,0.346083323,0.238248852,0.341819436,0.190035832,1,,,,,,,,,,,,,,,,,,,,,,,,,,,,,,,,,,,,
Making or Using documents resembling currency,0.098332196,0.120357431,0.074227631,0.51290309,0.169320494,-0.005421067,-0.006275904,-0.00535067,0.170517493,0.037714415,0.179653009,0.098329234,0.082295037,0.062127697,0.003008531,0.117337954,0.056517228,0.106490207,0.100112812,0.028454805,0.101014749,0.170234078,0.075931395,0.138407223,0.117570643,0.181277379,0.076739882,0.075432389,0.072738759,0.089786344,0.233128633,0.042472519,0.069966347,0.550200321,0.046276553,0.036013601,0.044383109,0.049812198,0.603221861,0.009322712,0.210845068,0.113715042,0.17879974,0.039002097,0.157138048,-0.001195174,0.017591646,0.200229633,0.212004045,0.105450978,0.080799318,0.07678178,1,,,,,,,,,,,,,,,,,,,,,,,,,,,,,,,,,,,
Arson,0.778811492,0.724628745,0.357095961,0.344397135,0.841295452,0.092189849,0.13572523,0.09000875,0.844878736,0.500796345,0.860634715,0.413724802,0.694759921,0.520973768,0.274099781,0.623938335,0.578238265,0.684264239,0.774708952,0.490170646,0.77502733,0.509086134,0.697707623,0.866340408,0.868893793,0.754291181,0.6923586,0.661396525,0.669448201,0.459934841,0.711058804,0.326600673,0.280168978,0.400312087,0.657140863,0.602914518,0.597972208,0.405440061,0.266554714,0.241901071,0.69274886,0.658304461,0.713916011,0.476702118,0.648299674,0.160910551,0.252627646,0.69902129,0.788115291,0.528252622,0.396514163,0.372449664,0.188163277,1,,,,,,,,,,,,,,,,,,,,,,,,,,,,,,,,,,
Grievous Hurt,0.821151925,0.879601123,0.580925174,0.385518835,0.760871804,0.302295033,0.245448017,0.301915872,0.759767832,0.550259142,0.764545129,0.734787964,0.812117596,0.503207126,0.623486762,0.814480259,0.759942598,0.762196348,0.665865658,0.650425237,0.660486201,0.636666195,0.471752261,0.565663736,0.596699992,0.408490898,0.567708662,0.573993111,0.527128622,0.258967216,0.782195334,0.287354479,0.467038049,0.295170728,0.382283451,0.386528344,0.335237455,0.582741954,0.109585016,0.085311867,0.780838413,0.743679748,0.50884058,0.322037168,0.761499105,0.419986662,0.123417212,0.645687712,0.661414185,0.548868038,0.326580758,0.445129539,0.126660472,0.700102131,1,,,,,,,,,,,,,,,,,,,,,,,,,,,,,,,,,
Hurt,0.820613256,0.879084354,0.579853293,0.384836268,0.760296661,0.301218532,0.244555217,0.300841357,0.759210353,0.549213401,0.76404449,0.734375162,0.811299426,0.502151473,0.623328203,0.813922454,0.759529279,0.761577879,0.665900603,0.649888831,0.66053494,0.636227779,0.471148129,0.565219462,0.596357449,0.407809334,0.566790359,0.573010302,0.526313353,0.258930472,0.782265271,0.287070549,0.466696799,0.294963934,0.382217457,0.386245886,0.335255685,0.58298216,0.109494768,0.085105961,0.7809333,0.742900323,0.508284842,0.321853646,0.761389079,0.420603714,0.123582246,0.645077226,0.660981354,0.54838479,0.325719249,0.445018016,0.126538298,0.700100233,0.999998077,1,,,,,,,,,,,,,,,,,,,,,,,,,,,,,,,,
Acid attack,0.731794776,0.792959398,0.776798675,0.498765837,0.717094078,0.583529938,0.489858921,0.582253003,0.710126971,0.752398008,0.692212136,0.689496039,0.826576015,0.689952499,0.456696178,0.741122893,0.643858818,0.761188094,0.392296844,0.612183125,0.38347783,0.632110877,0.488394419,0.50468447,0.490420514,0.484468385,0.674291971,0.708088485,0.60797354,0.206362392,0.484820838,0.29066146,0.484133561,0.300206559,0.257736373,0.339010371,0.198357307,0.272288932,0.115371434,0.142520443,0.473563556,0.766129542,0.546198332,0.290212768,0.555561232,0.035796606,0.007550285,0.677612951,0.610633137,0.577788799,0.526922103,0.363779311,0.138113011,0.461484252,0.674819054,0.673400296,1,,,,,,,,,,,,,,,,,,,,,,,,,,,,,,,
Attempt to Acid Attack,0.616585257,0.533159241,0.690742036,0.467554339,0.564451986,0.60117428,0.465036519,0.601203585,0.556152602,0.64827957,0.536574306,0.325009556,0.728977292,0.746823846,0.392518896,0.598813695,0.543990465,0.491508476,0.406406768,0.557430693,0.399164728,0.296730178,0.60399586,0.540933792,0.506414215,0.574277425,0.748172896,0.756725189,0.694507317,0.060726097,0.351185074,0.254961403,0.181527522,0.119550684,0.264246917,0.354968988,0.200759238,0.253255836,0.053120456,0.085269397,0.344699866,0.685704938,0.432364739,0.186385865,0.351873485,-0.001154887,0.035800413,0.447220744,0.424602244,0.316653256,0.506578229,0.152304441,0.07440484,0.32694837,0.413778636,0.412278315,0.758401819,1,,,,,,,,,,,,,,,,,,,,,,,,,,,,,,
Dowry Deaths,0.898281624,0.762284139,0.904984959,0.376473486,0.670695686,0.768167318,0.649700613,0.766322006,0.659765685,0.777738186,0.635723802,0.446505607,0.853070452,0.492837633,0.840227566,0.703964041,0.911652809,0.618376417,0.564594182,0.846230072,0.552761075,0.304099995,0.467806409,0.530766448,0.549190877,0.413889783,0.609004067,0.734426017,0.483805626,0.210043651,0.705230249,0.289975742,0.178518745,0.112764215,0.286091045,0.40822859,0.208918583,0.628840425,0.081706795,0.111961778,0.712793478,0.826405757,0.580312694,0.35983005,0.527832192,0.351481723,0.068645988,0.401612571,0.481235142,0.295132112,0.206851102,0.229149517,0.028747842,0.492742761,0.730286304,0.729623964,0.714247718,0.633510886,1,,,,,,,,,,,,,,,,,,,,,,,,,,,,,
Assault on Women with intent to outrage her Modesty,0.810440148,0.740784809,0.598075875,0.444441259,0.946278856,0.374553914,0.37823139,0.371569365,0.944933726,0.748870949,0.944811898,0.42626567,0.817299963,0.710683985,0.312395218,0.660328752,0.622094011,0.758402806,0.692458583,0.599439108,0.688763174,0.538613638,0.76127226,0.877355953,0.874570386,0.779247288,0.809165775,0.825872512,0.745993755,0.446402538,0.612941977,0.264654254,0.314957093,0.400062038,0.585377417,0.621949773,0.502729246,0.336902177,0.264668638,0.106373452,0.593831347,0.761130432,0.77055761,0.506065552,0.548287995,0.0173974,0.178632542,0.681770785,0.748535223,0.510679895,0.432214089,0.427731572,0.19854569,0.863036925,0.670685016,0.670031255,0.677048365,0.585167572,0.644300278,1,,,,,,,,,,,,,,,,,,,,,,,,,,,,
Sexual Harassment,0.794314782,0.648715448,0.737488913,0.379599246,0.837982841,0.580833163,0.491893727,0.579416269,0.831847056,0.761185557,0.822157961,0.297437732,0.790073024,0.66312474,0.427530806,0.586798737,0.669481491,0.623950655,0.656910186,0.740508066,0.649164635,0.365532152,0.775371803,0.820485788,0.826313869,0.704613157,0.776223219,0.831829632,0.68838728,0.243712652,0.567159617,0.245266628,0.182151255,0.277716171,0.580090078,0.752313223,0.450219882,0.345100228,0.182868511,0.074410945,0.553669641,0.803915028,0.615568042,0.368155972,0.468635128,0.028811953,0.034057768,0.57254162,0.681943484,0.397439568,0.350516032,0.351023816,0.13042666,0.708830633,0.632052962,0.631306757,0.676330491,0.634299922,0.724433175,0.897204602,1,,,,,,,,,,,,,,,,,,,,,,,,,,,
Assault or use of criminal force to women with intent to Disrobe,0.703287326,0.707799815,0.657517735,0.45642942,0.695822226,0.508301711,0.43516778,0.5069023,0.690211257,0.643262716,0.681073843,0.488817248,0.723291285,0.548469472,0.371184805,0.63155447,0.635298652,0.625315853,0.572740471,0.553716383,0.568255061,0.46204465,0.516429062,0.537115038,0.536159604,0.474908085,0.599754957,0.61935728,0.54796402,0.260404368,0.506439356,0.2210792,0.423104243,0.396374825,0.338632352,0.368692426,0.287680797,0.266505502,0.286161396,0.167620221,0.490235067,0.743063458,0.569620116,0.287676538,0.469986407,0.015505754,0.124171342,0.584062131,0.610168777,0.456895499,0.391263595,0.276880858,0.164438133,0.581812514,0.589830471,0.588894573,0.730906713,0.647280085,0.658346779,0.74988046,0.660382523,1,,,,,,,,,,,,,,,,,,,,,,,,,,
Voyeurism,0.692871426,0.640798131,0.544128672,0.314096115,0.786047148,0.332569436,0.295923764,0.331273666,0.78450432,0.619544865,0.784608459,0.408571814,0.677695685,0.609320193,0.270154297,0.542839398,0.484387024,0.654191213,0.572489004,0.553766814,0.56799832,0.477538101,0.656991063,0.762327724,0.766419086,0.658454699,0.708558657,0.703785458,0.666592528,0.247428957,0.475242584,0.242615164,0.287836336,0.305171754,0.500684759,0.6202575,0.398848495,0.24327719,0.141469026,0.045823493,0.458630878,0.680898549,0.621717902,0.352496846,0.52558447,0.009068942,0.003506812,0.659961692,0.672391604,0.539088558,0.413717177,0.401614958,0.124227283,0.704867827,0.591616369,0.590923914,0.647267271,0.536869722,0.550468243,0.841645593,0.836634492,0.599433807,1,,,,,,,,,,,,,,,,,,,,,,,,,
Stalking,0.72175521,0.59629301,0.664515921,0.36145735,0.73529872,0.506621126,0.416206153,0.505820917,0.729975096,0.684334571,0.719934075,0.300870394,0.72902974,0.714239687,0.347191469,0.547677883,0.531102184,0.579433944,0.591371594,0.659487691,0.584575,0.337204602,0.778313319,0.805030001,0.795619907,0.734615793,0.842386786,0.84026128,0.790052057,0.174705192,0.473700253,0.264591489,0.197677353,0.214079663,0.493053242,0.679927451,0.368385081,0.269448577,0.089613387,0.055038294,0.461790865,0.765114158,0.623664801,0.334115144,0.484137007,0.000225151,0.006027182,0.614101845,0.643642067,0.464484454,0.484351766,0.265947464,0.043578429,0.638822366,0.503997111,0.503008931,0.669517444,0.707888183,0.637441918,0.826841487,0.887145092,0.643880914,0.858250624,1,,,,,,,,,,,,,,,,,,,,,,,,
Other Assault on Women,0.708534049,0.689404826,0.397748328,0.414849352,0.911776992,0.154859717,0.235221899,0.15095054,0.914569991,0.638364827,0.922577469,0.431869313,0.718811857,0.641091109,0.179414649,0.608026589,0.498320851,0.748233044,0.62571018,0.415064728,0.625494394,0.581930193,0.658941727,0.821624495,0.814808263,0.741784024,0.717823021,0.711591507,0.676268741,0.550817933,0.568797772,0.236967187,0.334188533,0.425656362,0.538164057,0.471848113,0.497436046,0.294584673,0.28576517,0.103920342,0.548406031,0.608061066,0.777458409,0.555058951,0.519159673,0.010394819,0.263080896,0.649834299,0.692468206,0.500396441,0.404162151,0.441337674,0.228725934,0.875696326,0.610796655,0.610395524,0.552786342,0.431298222,0.486688279,0.948266884,0.721844316,0.647159881,0.731533689,0.655452639,1,,,,,,,,,,,,,,,,,,,,,,,
Insult to the Modesty of Women,0.391427537,0.372383832,0.158215129,0.259289968,0.457709595,-0.003891489,-0.004802958,-0.003830849,0.460731739,0.213138821,0.474959642,0.208966802,0.35543101,0.496193834,0.028198246,0.290578316,0.126426486,0.31290143,0.421767515,0.236043337,0.42270116,0.241838587,0.557852818,0.618696333,0.595356574,0.610657505,0.604094713,0.468367293,0.658912465,0.119449771,0.295550353,0.151448921,0.152242133,0.280093604,0.36769307,0.44836036,0.29542683,0.101811683,0.105131087,0.050614357,0.279745973,0.403576625,0.456491003,0.207055691,0.469361627,0.015799395,0.010602248,0.583467726,0.510111685,0.507507442,0.480519829,0.219337877,0.064221052,0.573255688,0.268207925,0.267768541,0.312380615,0.382923658,0.195783427,0.590093763,0.501487808,0.39826528,0.661630718,0.707759905,0.552628909,1,,,,,,,,,,,,,,,,,,,,,,
At Office premises,0.36239325,0.375968109,0.150879223,0.455396577,0.484261598,-0.010516403,-0.012583222,-0.010365979,0.487586058,0.23214714,0.502024253,0.183430745,0.391928465,0.594559011,0.007018299,0.33837234,0.120612616,0.305748598,0.523527537,0.22539075,0.526354405,0.331590553,0.689955357,0.626248186,0.605154481,0.610871328,0.649539957,0.504462279,0.707889559,0.14898088,0.363735711,0.158075986,0.24959169,0.394290032,0.41299883,0.394553465,0.370297324,0.119154275,0.324690772,0.104715688,0.3417843,0.369763961,0.453475922,0.220529303,0.397371198,-0.004941453,0.052556366,0.507773913,0.490778934,0.356900003,0.542785867,0.167338599,0.189234878,0.543890442,0.296308226,0.295815133,0.353545605,0.4074213,0.175556939,0.588619062,0.4801546,0.509104288,0.534188346,0.575551824,0.563393142,0.630116221,1,,,,,,,,,,,,,,,,,,,,,
Other places related to work,0.295944064,0.286952664,0.079031786,0.054106935,0.221371918,-0.001140501,-0.003344161,-0.00105702,0.222818863,0.082780271,0.231607702,0.051537735,0.177264052,0.19554094,0.004270802,0.115599736,0.10964914,0.155539734,0.221930977,0.098947983,0.223045401,0.102481826,0.311047884,0.380006097,0.348261687,0.424868195,0.290224355,0.231234275,0.312282142,0.083720809,0.19145054,0.172757018,0.033730473,0.109362606,0.365334397,0.292000951,0.347674297,0.037660989,0.047127632,0.407142484,0.179000638,0.19311877,0.283386381,0.113147494,0.379221488,0.000102613,0.010549334,0.481056672,0.3705713,0.496848023,0.288179459,0.119771756,0.008860357,0.423868523,0.126394933,0.12617198,0.16388592,0.150747524,0.101432469,0.284734605,0.232417721,0.166424156,0.300067041,0.30439388,0.281063953,0.466278516,0.301124752,1,,,,,,,,,,,,,,,,,,,,
In Public Transport system,0.19062402,0.201326802,0.098447061,0.157558779,0.202591404,0.027507592,0.02771288,0.027290602,0.203348957,0.101640333,0.20891711,0.152413946,0.14756276,0.165727964,0.027571479,0.132332857,0.069578534,0.160914544,0.129219697,0.096842738,0.12890065,0.108003942,0.157784592,0.24662002,0.240892188,0.233187176,0.23492971,0.184070957,0.254923431,0.065565804,0.140193187,0.05104959,0.072173735,0.254545065,0.086218722,0.157522298,0.050792913,0.023090638,0.119466705,-0.001422273,0.129978624,0.243596519,0.238216641,0.094512363,0.274359586,0.006226702,-0.000872669,0.343378128,0.267107591,0.348446944,0.198430855,0.115427485,0.083833365,0.272257289,0.104147069,0.103798246,0.176096866,0.254320748,0.111499847,0.302329324,0.238003617,0.237713028,0.391069764,0.374846546,0.286310166,0.643869251,0.249723654,0.415410489,1,,,,,,,,,,,,,,,,,,,
"Places other than 231, 232 & 233",0.383199114,0.363491509,0.157229348,0.26180464,0.457054746,-0.004603375,-0.005395964,-0.004541334,0.460086805,0.214058476,0.474180302,0.210980477,0.354676392,0.499501484,0.028604154,0.291648889,0.122553588,0.311774516,0.420785389,0.237125492,0.421676598,0.242018339,0.555642099,0.61290796,0.590921366,0.601698166,0.604085964,0.467866782,0.659242667,0.116985169,0.291130413,0.14456026,0.154182842,0.277775945,0.355537352,0.4438724,0.282014581,0.102946648,0.102131042,0.023599067,0.275801038,0.401941756,0.450703485,0.205756879,0.456895264,0.016468389,0.01007389,0.56714193,0.499893526,0.487070998,0.475994655,0.218019191,0.063600424,0.561966995,0.268332392,0.267898282,0.309964842,0.3827627,0.194625122,0.588530475,0.501422932,0.397518225,0.660782259,0.709054797,0.549987394,0.997661725,0.628062573,0.406749285,0.621040603,1,,,,,,,,,,,,,,,,,,
Cruelty by Husband or his Relatives,0.748711479,0.839350025,0.551875339,0.442212334,0.834735185,0.276461162,0.350951258,0.27182279,0.834619158,0.687753901,0.832038613,0.821027312,0.787767598,0.542735177,0.350210893,0.789372944,0.644554439,0.867219988,0.522005924,0.50155604,0.517994599,0.731117144,0.458742582,0.584183831,0.576525022,0.535461426,0.636577617,0.644561839,0.590429748,0.625234982,0.585406466,0.324505245,0.571053877,0.433421981,0.301927374,0.359464039,0.24565656,0.323223774,0.189198739,0.082742332,0.569283879,0.770660229,0.803323272,0.610020405,0.699729887,0.090163241,0.167813093,0.818511434,0.804011272,0.706901114,0.466729391,0.406330937,0.192509383,0.731177778,0.750974602,0.750411454,0.733395906,0.464759381,0.573802283,0.769430366,0.607173404,0.672394914,0.652525202,0.589327948,0.76795679,0.426834321,0.383981168,0.195941994,0.25549012,0.425792223,1,,,,,,,,,,,,,,,,,
Importation of Girls from Foreign Country,0.412906076,0.52674755,0.218143868,0.238703019,0.294267629,-0.004309014,-0.007346829,-0.004173037,0.29624647,0.13920507,0.305191976,0.62205805,0.374924523,0.174014406,0.517025033,0.552509733,0.358994832,0.389439385,0.374667667,0.326172451,0.372622929,0.468555836,0.157784038,0.150138891,0.175507711,0.059417242,0.24171508,0.181334392,0.267827721,0.156313615,0.541028211,0.268627298,0.361995312,0.193923278,0.102961037,0.083555122,0.097538971,0.399938224,0.021474423,-0.006824142,0.544061226,0.376501133,0.253562728,0.182961668,0.751200672,0.713144091,0.044072889,0.409494882,0.376718668,0.383588353,0.212085764,0.200969727,0.039154701,0.311612048,0.620704223,0.62095914,0.327409344,0.147190223,0.35927069,0.203006719,0.15014462,0.223039811,0.221556204,0.140937086,0.202184105,0.128699788,0.139514212,0.019597055,0.069395122,0.131225231,0.44681327,1,,,,,,,,,,,,,,,,
Causing Death by Negligence,0.881548331,0.77528312,0.628306038,0.309848283,0.793776055,0.422389773,0.419568954,0.419260488,0.790500355,0.676622032,0.785685272,0.372411107,0.754662115,0.537051634,0.418343602,0.622048689,0.674517177,0.684687968,0.691902915,0.627027439,0.687517917,0.452308476,0.680319227,0.821342303,0.79066153,0.809801934,0.722655164,0.782221714,0.635515184,0.435505267,0.670964422,0.379985634,0.206541239,0.270993233,0.644266203,0.648996425,0.565834102,0.445153106,0.175623465,0.375878694,0.655884794,0.745157281,0.791675206,0.511280344,0.620446804,0.102704906,0.158205032,0.708390806,0.780680941,0.554945387,0.402382561,0.267815673,0.158064175,0.841473307,0.6105769,0.609974089,0.622443842,0.524889938,0.675306774,0.837299691,0.759058892,0.611875549,0.711952935,0.720798837,0.78837761,0.505822337,0.441246804,0.499643088,0.265833869,0.486560953,0.701918149,0.201812096,1,,,,,,,,,,,,,,,
Deaths due to negligent driving/act,0.869602232,0.759816815,0.629579866,0.30186302,0.771914359,0.433028612,0.430305848,0.42981477,0.768286859,0.673753705,0.762089479,0.35006362,0.734796269,0.521695437,0.41826837,0.593987578,0.658481056,0.664035479,0.67665685,0.623624588,0.672111539,0.4304212,0.669150986,0.805605426,0.772106863,0.804028192,0.708208809,0.773848584,0.617812296,0.430488237,0.655854575,0.378418,0.192568694,0.265448139,0.640409836,0.649193867,0.5610072,0.440836971,0.177541843,0.386154035,0.640427688,0.727157387,0.787680002,0.511487999,0.605672936,0.097961494,0.132806805,0.693354472,0.763089841,0.544438145,0.393069576,0.250103004,0.15767765,0.817061792,0.583416903,0.58278796,0.614121185,0.52268661,0.671369716,0.821079037,0.749872551,0.60234363,0.701854115,0.715505537,0.768451546,0.500176499,0.432965749,0.504637785,0.265580096,0.480334666,0.679663076,0.182381898,0.998089341,1,,,,,,,,,,,,,,
Deaths due to Other Causes,0.578037452,0.578265108,0.274036178,0.256533262,0.676991947,0.046357269,0.043664438,0.046094697,0.680427706,0.354866762,0.697671272,0.48802009,0.630686477,0.466001491,0.195474475,0.684556929,0.539467427,0.609254309,0.536412426,0.339352235,0.536633968,0.518664371,0.473558862,0.603483184,0.628937319,0.457705777,0.539433096,0.481522772,0.544832663,0.273096591,0.524762034,0.198681621,0.292905115,0.204086156,0.35375507,0.298821421,0.330983943,0.267702186,0.054579943,0.029865371,0.522648231,0.599971773,0.424216223,0.234677551,0.496550221,0.114580155,0.431468705,0.541118924,0.610719175,0.405978939,0.318248246,0.374091821,0.078903622,0.735093575,0.66652596,0.666614111,0.406558856,0.274981161,0.369317569,0.617717017,0.482219354,0.418690133,0.473188014,0.409572862,0.647203541,0.314636629,0.321765979,0.1618038,0.127115825,0.313865893,0.63984741,0.367624199,0.491651397,0.436908144,1,,,,,,,,,,,,,
Offences against State,0.290072988,0.237696776,0.090151274,0.123705827,0.241695157,-0.009858757,-0.011013122,-0.009744315,0.243445887,0.052397975,0.256624525,0.242231342,0.272672273,0.043719947,0.178351903,0.461533913,0.381487221,0.220047271,0.323796209,0.168990664,0.324814551,0.098045322,0.099918748,0.178079955,0.206178473,0.076171613,0.137001824,0.096740329,0.155957305,0.140136353,0.310627136,0.16052534,0.080266604,0.110594396,0.051214175,0.008089232,0.060324775,0.178817892,0.089251125,0.001487738,0.313595561,0.343518848,0.150973691,0.080979878,0.230870657,0.165478818,0.327586569,0.165607509,0.269126249,0.078990847,0.057864431,0.044851316,0.051710849,0.347386035,0.345751127,0.346152339,0.069701329,0.037772102,0.185294289,0.163297345,0.081844339,0.226941861,0.042957416,0.024810243,0.190645753,0.045418555,0.055416624,0.012235368,0.02212143,0.04594971,0.286001596,0.270168647,0.11718084,0.082624783,0.541468649,1,,,,,,,,,,,,
Sedition,0.309679712,0.257184382,0.103745506,0.214354118,0.154034915,-0.006357801,-0.007081537,-0.006284701,0.155152158,0.05435858,0.161580514,0.223953185,0.198205691,0.043524894,0.347324862,0.294205923,0.260072032,0.139673831,0.326483941,0.27919473,0.324826286,0.0777385,0.084481783,0.115963299,0.130558024,0.06019362,0.11913474,0.098499847,0.125725766,0.060288365,0.416059668,0.363135629,0.050789343,0.151763307,0.068555884,0.007176776,0.082039559,0.352124431,0.15523501,0.002880294,0.413660751,0.202215479,0.14199723,0.132666584,0.259679257,0.330643028,0.008052572,0.07747427,0.099852381,0.049876883,0.02873687,0.031428922,0.092747716,0.183165686,0.305447565,0.305730061,0.081435294,0.083530147,0.279709041,0.075114127,0.052295554,0.105411327,0.037371356,0.016597277,0.078216534,0.041356111,0.055015729,0.006306833,0.036586607,0.041757588,0.141297789,0.366375008,0.117252628,0.111711784,0.132579341,0.468315852,1,,,,,,,,,,,
Other offences against State,0.183202286,0.148527047,0.053438296,0.03974529,0.20115924,-0.008170446,-0.009136782,-0.008075274,0.202615655,0.033830679,0.214503222,0.169150385,0.215545851,0.029081798,0.039445432,0.384097214,0.30960127,0.183405423,0.213456382,0.060651676,0.21537991,0.074486559,0.073457208,0.147060611,0.171991877,0.057962792,0.099180662,0.063328011,0.117517692,0.130171177,0.156796953,0.011933912,0.066975144,0.054131527,0.025870932,0.005789621,0.029872303,0.037732962,0.0284034,0.000336943,0.161269007,0.293701507,0.104298268,0.029587866,0.139652701,0.032685909,0.366275344,0.150925958,0.257418873,0.065959721,0.051957081,0.03600212,0.015147287,0.306955847,0.248068734,0.248390156,0.040745636,0.003702196,0.078827835,0.149417396,0.068054709,0.207175639,0.031090884,0.020282809,0.178862139,0.032012157,0.036933913,0.010878767,0.007921262,0.032424857,0.257147855,0.13427252,0.077669437,0.041220607,0.549782353,0.911115349,0.062528759,1,,,,,,,,,,
Offences promoting enmity between different groups,0.519035889,0.503526779,0.383063688,0.61147209,0.581773598,0.215802224,0.265852894,0.212456256,0.581233866,0.442096217,0.582901492,0.297189539,0.44691821,0.389559264,0.177901398,0.412922482,0.32066331,0.447480182,0.441235357,0.360394897,0.439412794,0.422695279,0.511581958,0.573907305,0.544319393,0.589156932,0.529663533,0.53950725,0.489063958,0.486717575,0.547903659,0.201188861,0.169206709,0.62141128,0.337659657,0.375288961,0.284153885,0.254266266,0.584197889,0.115935023,0.523318192,0.474532224,0.727874064,0.484916905,0.439678997,-0.003922093,0.186310593,0.560182007,0.606717496,0.417304948,0.34434976,0.120761805,0.458870938,0.616754648,0.32932269,0.328813399,0.406645932,0.344811593,0.355917695,0.679286308,0.511869346,0.487872047,0.49305816,0.488255117,0.713734778,0.426661656,0.481673408,0.268913414,0.269779698,0.4194608,0.58976486,0.102725771,0.663180134,0.662493154,0.317877424,0.057750148,0.087205766,0.024554223,1,,,,,,,,,
Promoting enmity between different groups,0.521906314,0.509808503,0.383051407,0.59522053,0.578929924,0.215996241,0.269879176,0.212518757,0.578368046,0.445421026,0.57951003,0.30652087,0.449167225,0.391766631,0.178365209,0.417875828,0.321058861,0.451620257,0.439709973,0.358701551,0.43790475,0.429870204,0.510489738,0.570708557,0.540140026,0.589150052,0.533568258,0.542227563,0.493534335,0.49685356,0.543185084,0.203703926,0.174612322,0.599997302,0.333643034,0.368875276,0.281461421,0.256311214,0.554507522,0.119570978,0.519604808,0.475656416,0.737147919,0.496158488,0.443734044,-0.003783464,0.19416393,0.565192399,0.606753878,0.42591447,0.3503274,0.115810088,0.439150451,0.61406361,0.326153704,0.325631895,0.408947829,0.348967488,0.357325648,0.67598043,0.502025656,0.48860188,0.489537462,0.48862685,0.713662387,0.431247199,0.478371753,0.274899278,0.271877304,0.423822088,0.595765272,0.104793034,0.667437002,0.666866551,0.318213398,0.055879472,0.083492465,0.024173295,0.99763068,1,,,,,,,,
"Imputation, assertions prejudicial to national integration",0.217096753,0.167085883,0.186742567,0.500111074,0.318772843,0.102702221,0.079386136,0.102709225,0.318785575,0.173964377,0.326139916,0.028624484,0.189702314,0.1622812,0.080882974,0.139485429,0.15127163,0.166440249,0.233909698,0.19662286,0.232806116,0.116596372,0.262784326,0.31936037,0.317152759,0.287063027,0.209400762,0.228936594,0.182584765,0.110928704,0.325609539,0.066696722,0.015143026,0.569202968,0.214463657,0.26262622,0.171920827,0.098401631,0.654082834,0.011219334,0.301123559,0.217152403,0.239125564,0.096291531,0.163698556,-0.003635794,-0.006989628,0.210505324,0.295078323,0.096116013,0.093335588,0.120451057,0.468952944,0.333912393,0.199853188,0.199760909,0.169427591,0.116233657,0.155843814,0.37202364,0.37184354,0.228558332,0.283985815,0.233201776,0.348560044,0.150755376,0.275714161,0.056488316,0.105302839,0.150038885,0.212593471,0.024308776,0.270053776,0.268268846,0.15065611,0.051412109,0.088692873,0.016701286,0.516586537,0.456456188,1,,,,,,,
Extortion,0.798974423,0.721862803,0.461495698,0.293848479,0.656613056,0.247746381,0.247056386,0.245878218,0.65592087,0.461266011,0.661340701,0.500285069,0.717236343,0.401480048,0.50277779,0.774635172,0.756512613,0.586826369,0.767595927,0.587645728,0.765395342,0.400996756,0.598038675,0.652594276,0.666259359,0.534602386,0.627142784,0.602269992,0.604207091,0.40962918,0.729415207,0.403201402,0.232476279,0.181724212,0.437155453,0.449774005,0.380617649,0.528139243,0.076742301,0.238726628,0.727900341,0.778225556,0.632262818,0.455441123,0.658364934,0.29656182,0.317384824,0.608169563,0.733421275,0.437215883,0.352790477,0.166146353,0.046702056,0.772855464,0.713143976,0.713120602,0.46466598,0.385602552,0.604524753,0.60981462,0.529392192,0.574344041,0.473071084,0.489736649,0.572522862,0.367192725,0.37542438,0.32290198,0.164909889,0.35636667,0.678561653,0.474827503,0.677994538,0.650031417,0.709175274,0.574046385,0.345593231,0.487217358,0.388190058,0.394082881,0.115745748,1,,,,,,
Disclosure of Identity of Victims,0.184538095,0.42100819,0.163820531,0.175200841,0.240560365,0.000104118,-0.00377181,0.000234838,0.242106068,0.144232147,0.246552875,0.626726987,0.234481943,0.192039048,0.036133145,0.373393613,0.091653746,0.405360598,0.0677839,0.100877404,0.066380986,0.584959889,0.026002268,-0.000336855,0.000642952,-0.003098928,0.121428887,0.0668143,0.151255583,0.120068095,0.178845276,0.125508263,0.507356685,0.257053949,0.007529741,0.005917539,0.007201301,0.008535678,0.019633986,0.000179568,0.169037933,0.232325683,0.152124174,0.073222605,0.367741634,-0.002612361,-0.003490622,0.46861181,0.342436612,0.490052915,0.270551845,0.289288905,0.0618752,0.160328516,0.369772264,0.369479722,0.398379464,0.129771867,0.106632012,0.180900908,0.09619948,0.244523423,0.207305191,0.112422322,0.195966233,0.095536625,0.116818324,0.014309629,0.059624059,0.097148423,0.453651429,0.354325211,0.116894638,0.103452773,0.243765142,0.060739259,0.03649163,0.051587063,0.121087038,0.126234816,-0.005087013,0.164357949,1,,,,,
Incidence of Rash Driving,0.439894193,0.411059743,0.25483554,0.631262482,0.50590517,0.09879226,0.105927626,0.097795856,0.507199514,0.281259816,0.518479794,0.143673236,0.358337361,0.308273972,0.096286702,0.30252991,0.269519938,0.350311024,0.360109077,0.226231703,0.360296916,0.292360834,0.405021183,0.546910894,0.514374078,0.573860053,0.395119803,0.402573918,0.36475693,0.263261251,0.515279922,0.213404678,0.094147872,0.703412113,0.393988519,0.321764057,0.372523115,0.182370665,0.753480392,0.27320228,0.482435703,0.345954068,0.498644997,0.23030752,0.38533172,0.01306599,0.111702021,0.478554014,0.537605368,0.330913166,0.271962665,0.206649037,0.599869092,0.620857987,0.321617964,0.321361435,0.313154588,0.226910722,0.253457094,0.578086564,0.455155868,0.373240436,0.406057409,0.34632301,0.611552485,0.327010283,0.442902266,0.378141167,0.215024095,0.308599029,0.423631977,0.068425068,0.623683168,0.622362856,0.308448051,0.088741248,0.131123437,0.039074694,0.765699699,0.743943799,0.643741114,0.328524961,0.05035384,1,,,,
HumanTrafficking,0.54769403,0.463259864,0.203828617,0.146831861,0.567222157,0.003721066,0.013746539,0.003352476,0.570797825,0.283963454,0.586553476,0.354947382,0.439779434,0.333450446,0.165194159,0.520376252,0.354776022,0.445463047,0.614552809,0.408269107,0.614325928,0.362954368,0.495715266,0.545324836,0.560950884,0.434692925,0.458407149,0.398914782,0.470069914,0.223214774,0.469983127,0.496064998,0.235035499,0.198049078,0.439375276,0.384495565,0.406383587,0.246964809,0.08106413,0.017678128,0.453663815,0.508992969,0.434880262,0.326116692,0.408339008,0.109162589,0.155787533,0.434345911,0.511116866,0.318388063,0.241685071,0.250813814,0.049771033,0.596798139,0.512367208,0.512499287,0.275819938,0.22945363,0.329239232,0.521919319,0.452687412,0.364532206,0.457827325,0.430450617,0.507869202,0.359677794,0.432895794,0.175007299,0.093515625,0.360341632,0.466894048,0.381501964,0.425095414,0.401903247,0.52440815,0.391173931,0.403158307,0.253798156,0.278990185,0.277984976,0.148406318,0.632091912,0.152609619,0.243680406,1,,,
Unnatural Offence,0.572029521,0.46110999,0.501062456,0.643885357,0.721444497,0.353102234,0.31543654,0.351684304,0.719078515,0.68193811,0.708452428,0.223460451,0.715506947,0.77752076,0.270910926,0.469285934,0.451613706,0.588863035,0.443946438,0.490637381,0.438953844,0.269816923,0.712543232,0.777069559,0.764565303,0.718886957,0.812872743,0.820486641,0.75572097,0.193816864,0.424638502,0.273579111,0.091638241,0.345620713,0.372264626,0.417432916,0.311976274,0.204315858,0.352369275,0.048770356,0.406364118,0.569589307,0.523481379,0.334830759,0.322478573,0.00224807,0.004155227,0.407447264,0.440850919,0.225914241,0.472348,0.23897105,0.287003236,0.528696569,0.431265049,0.430188624,0.660841874,0.686276756,0.505958089,0.717927555,0.732209962,0.547158535,0.65258427,0.723677298,0.612152086,0.410861346,0.545875636,0.160358334,0.152710267,0.412997255,0.467007463,0.059858338,0.567378685,0.559696149,0.371947312,0.036492677,0.066863346,0.010031498,0.50482291,0.492114366,0.404066684,0.357165374,0.048628371,0.534514117,0.299833358,1,,
Other IPC crimes,0.842423359,0.777137975,0.505238725,0.438217611,0.871092772,0.254742188,0.300255997,0.25125285,0.871641711,0.662035223,0.874231854,0.463400573,0.802851169,0.578753816,0.440800651,0.655752877,0.695071313,0.760096636,0.620635369,0.534489696,0.617391707,0.468023332,0.58276128,0.805910491,0.79298012,0.745459794,0.693104829,0.733898039,0.620770372,0.483137789,0.701677401,0.363397335,0.265558019,0.370479421,0.541717216,0.484281148,0.497433395,0.48526295,0.278222985,0.281712887,0.685506825,0.677646439,0.747699173,0.544874749,0.651325193,0.221549101,0.110148734,0.65717606,0.709362248,0.507188447,0.383607103,0.440244826,0.245998191,0.874345115,0.737354675,0.737082895,0.592087894,0.427606464,0.652579493,0.830024159,0.720450373,0.540395639,0.688015813,0.618707532,0.822334168,0.455856813,0.404089401,0.403721478,0.249734207,0.441521308,0.760049326,0.328474555,0.884790369,0.87184515,0.593625083,0.21097254,0.228913348,0.131527665,0.612322643,0.606828593,0.366639334,0.68156395,0.169823178,0.687163006,0.470633457,0.595161472,1,
Total Cognizable IPC crimes,0.874938607,0.809773603,0.582873664,0.565206337,0.90880758,0.32565673,0.349347119,0.32236645,0.908191787,0.70703331,0.909270273,0.489058548,0.854358114,0.689966915,0.447762247,0.723742316,0.697952624,0.768514655,0.70247617,0.61241348,0.698621146,0.527184787,0.734355108,0.879535393,0.862223527,0.822716594,0.825333502,0.838357228,0.763663324,0.489447494,0.753188732,0.368489974,0.283893605,0.446778654,0.564716506,0.561434878,0.498588898,0.480438018,0.351422767,0.241987545,0.734894449,0.768565508,0.819255077,0.559540035,0.687768674,0.186602636,0.151202648,0.729898006,0.78953982,0.544801716,0.486799881,0.374820868,0.291583491,0.894537944,0.738992321,0.73846949,0.676088938,0.558165997,0.680104753,0.90551499,0.799516313,0.649404331,0.747458131,0.733240942,0.872859711,0.533448532,0.548556541,0.391580209,0.269292307,0.522492772,0.801649178,0.327594668,0.909099517,0.895029354,0.620776397,0.217098533,0.211138148,0.146738927,0.717938303,0.712995521,0.411223578,0.720359618,0.188829743,0.725231715,0.511246327,0.719648741,0.959171323,1
